<?xml version="1.0" encoding="UTF-8"?>
<project-private xmlns="http://www.netbeans.org/ns/project-private/1">
    <editor-bookmarks xmlns="http://www.netbeans.org/ns/editor-bookmarks/2" lastBookmarkId="0"/>
    <open-files xmlns="http://www.netbeans.org/ns/projectui-open-files/2">
        <group>
            <file>file:/C:/Users/Tobias/EFIF/OneDrive%20-%20EFIF/CBA/F2017/2.Sem/NetbeansProjects/SVGRendering/src/java/MainServlet.java</file>
            <file>file:/C:/Users/Tobias/EFIF/OneDrive%20-%20EFIF/CBA/F2017/2.Sem/NetbeansProjects/SVGRendering/web/index.html</file>
            <file>file:/C:/Users/Tobias/EFIF/OneDrive%20-%20EFIF/CBA/F2017/2.Sem/NetbeansProjects/SVGRendering/src/java/svgdraw/SVGDraw.java</file>
        </group>
    </open-files>
</project-private>
